"kelime","anlam"
"âşure","bir çok meyve ve hububat karıştırılarak pişirilen tatlı; derleme, karışık"
"bedel","karşılık"
"bidayet","başlangıç"
"cümle-i âliye","yüce cümle, âyet"
"fehm","anlama, kavrama, anlayış"
"hakikat","gerçek"
"îcâz-ı i’câzî","Kur'ân'ın mu’cizeliğini gösteren vecizliği, özlü söz şeklindeki ifade tarzı"
"ifade","anlatma, anlatım"
"ihsas","hissettirme"
"ihtiyar etme","seçme, tercih etme"
"imâen","kapalı bir mânâyı işaret yoluyla göstererek"
"israf","ihtiyaç fazlası tüketim, savurganlık"
"itnâb","sözü uzatma; herhangi bir fayda için, maksat ve gayeyi alışılagelmiş sözden daha uzun bir söz ile ifade etme"
"menar etme","ışık tutma, aydınlatıcı fener ve lâmba yapma"
"min-i teb’îz","“bazısı”, “bir kısmı” mânâsını veren “…den, …dan” eki"
"neşretmek","yaymak"
"nükât-ı hüsnünü ihsan etme","güzelliğinin ince mânâlarını gösterme, onu gösterme lûtfunda bulunma"
"perakende","farklı farklı, parça parça"
"risale","küçük çaplı kitap, mektup; Risale-i Nur’da yer alan bölümlerden her birisi"
"sadaka","Allah rızası için ihtiyaç sahibi kişilere yapılan yardım"
"saded","asıl mevzu, konu, asıl bahsedilen şey"
"şerait-i makbuliyet","kabul şartları, kabul edilme şartları"
"tasadduk","sadaka verme"
"tefsir","açıklama, yorum; Kur’ân-ı Kerimi açıklayan, yorumlayan kitap"
"teyid etme","doğrulayıp destekleme, kuvvetlendirme"
"zelzele","deprem"
"zeyl","ek, ilâve"
"alâmet etme","gösterme, işaret etme, delil olarak gösterme"
"ayar etme","ölçü yapma, ölçü alma"
"emâre etme","işaret etme, gösterme"
"hâcât-ı zaruriye","zorunlu temel ihtiyaçlar, yiyecek, içecek ve giyecek gibi"
"hasr","sınırlandırma, ait kılma; bir hükmün yalnızca birşeye, veya bir şahsa verilmesi"
"hasretmek","birşeyle sınırlandırmak, birşeye özgü kılmak"
"havf-ı fakr","fakirlik korkusu"
"ıtlak","mutlak olma; teklik, çokluk veya nitelik gibi şeylere bakılmaksızın kullanıldığı mânânın bütün fertlerine delâlet eden lâfız"
"ima","gizli ve ince bir mânâyı işaret etme, gösterme"
"işareten","işaret ederek"
"lâfz","ifade, söz"
"makam-ı hıtâbi","hitab etme, seslenme makamı"
"mâlik","sahip; herşeyin hakiki sahibi olan Allah"
"medar etme","dayandırma, dayanak noktası olarak alma"
"minnet etmeme","yapılan iyilikleri sayarak başa kakmama"
"nafaka","geçim için gerekli olan şey"
"nun-u azamet","“رَزَقْنَا=Rızıklandırdık” ifadesindeki Cenâb-ı Hakkı ve Onun yüceliğini gösteren “نَا=Biz” zamiri"
"remz","gizli bir mânâyı ince bir işaretle gösterme"
"remzen","işaret ederek"
"rıza-i kalb","kalb hoşnutluğu"
"sadaka","Allah rızası için ihtiyaç sahibi kişilere yapılan yardım"
"sarf etme","kullanma, harcama"
"sefahat","gayrı meşru zevk ve eğlenceye düşkünlük"
"şart-ı kemâl","mükemmellik, olgunluk şartı"
"ta’mim","umumileştirme, genelleme; sayısız şeyleri içine alan, aynı cinsten bir çok ferde birden delâlet eden lâfız"
"takdim","bir maksat için sıraya uymayarak birşeyi öne geçirme, öne alma"
"tasadduk","sadaka verme"
"telmîhan","telmih sûretiyle, imalı olarak"
"telvihan","işaretle, işaretle göstererek"
"tıyb-ı nefis","nefsin rıza ile güzelce kabul etmesi, nefsin rıza ve hoşnutluğu"
"umum","bütün, genel olma"
"vasıta","araç"
"ahlâk-ı rezile","kötü ahlâk, ahlâkça aşağılık"
"âlem-i insan","insanlık dünyası"
"âlî","yüce, yüksek"
"azîm","büyük"
"beşerin hayat-ı nev’iyesi","insan türünün hayatı"
"cemiyet-i beşeriye","insan topluluğu"
"cereyan","akma, dolaşma"
"davet-i Kur’ânî","Kur'ân'ın daveti, çağrısı"
"deva","çare, ilâç, şifa"
"fesad","bozgunculuk"
"hadis","Peygamber Efendimizin (a.s.m.) mübarek sözü"
"heyet-i içtimaiye","toplumsal yapı, sosyal bünye"
"hikmet","gaye, fayda, maksat"
"hurmet-i şedide","şiddetli yasaklama"
"ırk","kök, soy"
"ihtilâlât","bozukluklar, karışıklıklar, ayaklanmalar"
"imtizac","bileşim, karışım"
"izdivac","bir araya gelme, birbirine yaklaşma; evlenme"
"kabile","yakın tür, benzer"
"karz-ı hasen","sadece Allah rızası için verilen ödünç, faizsiz verilen borç"
"kelime-i gaddare","kahredici, öldürücü, zâlim ve merhametsiz söz"
"kıyameti kopma","büyük yıkım ve belâya uğrama"
"küre-i arz","yerküre, dünya"
"madde-i hayat","hayat maddesi; kan gibi"
"maden","kaynak"
"mahrek","hareket yeri, hareket alanı"
"maslahat","fayda, gaye"
"me’mûrü’n-bih","yapılması emredilen şey"
"medenî","kibar, edepli, terbiyeli; uygar, şehirli"
"menba","kaynak"
"mesavi","kötülükler, fenalıklar, ayıplar, kusurlar"
"muavenet","yardım"
"mükemmil","ikmal edici; kemâle, olgunluğa ulaştırıcı"
"mütemmim","tamamlayan, tamamlayıcı"
"nazar","bakış, görüş"
"nefisperest","nefsini seven, nefsinin arzularına düşkün"
"nev-i beşer","insan türü"
"nizam","düzen"
"rabıta","bağ"
"rahmet","merhamet, şefkat, ihsan"
"ribânın vesâili","faizin vesileleri; faizin araç ve vasıtaları"
"rükn-ü mühim","mühim bir rükün, esas, önemli şart"
"sadaka","Allah rızası için ihtiyaç sahibi kişilere yapılan yardım"
"sadakât","sadakalar; Allah rızası için ihtiyaç sahibi kişilere yapılan yardımlar"
"sahife-i âlem","kâinat sayfası"
"sırâtu’l-müstakîm","dosdoğru yol"
"teavün","yardımlaşma, dayanışma"
"teftiş","inceleme, araştırma"
"terakkiyat-ı beşer","insanlığa ait kalkınmalar, yükselmeler, ilerlemeler"
"tiryak","güçlü ilâç"
"vâsi","geniş"
"vücub-u kat’î","kesin zorunluluk; kesin ve şüphesiz farz oluş"
"zekât","İslâmiyete göre zengin olan bir yükümlünün, her yıl belirli mallardan belirli bir miktarını belirli kimselere (fakirlere ve saireye) vermesi"
"acz","âcizlik, güçsüzlük"
"âlem-i medenî","medenî dünya"
"avam","halk tabakası, sıradan insanlar"
"bedel","karşılık"
"beşer","insanlık"
"dâhiye-i dehyâ","çok büyük belâ, musibet ve felâket"
"deva","ilâç, çare"
"düstur","kâide, kural"
"enîn","inleme"
"esaret","esirlik, kölelik"
"fakr","fakirlik, ihtiyaç hali"
"feryad","bağırıp çağırma"
"fesat","bozgunculuk, karışıklık"
"fukara","fakirler, yoksullar"
"gasp","zorla almak; başkasına ait birşeyi zorla, rızası olmadan almak"
"hâlet-i ruhiye","ruh hâli, psikolojik durum"
"haris","aç gözlü, çok hırslı"
"haset","kıskançlık"
"havas","seçkinler sınıfı; zenginler, aydınlar"
"hayat-ı içtimaiye","toplum hayatı, sosyal hayat"
"hayt-ı vasıl","birleştirici bağ, irtibat bağı"
"herc ü merc ateşi","karma karışık yapan, yıkıp yakan, alt üst eden ateş"
"heyet-i içtimaiye","sosyal yapı, sosyal kurum"
"hodgâm","kendi keyfini düşünen, bencil"
"hurmet-i ribâ","faizin haram olması, yasaklanması"
"ihsan","bağış, ikram, lütuf"
"ihtilâl","ayaklanma, başkaldırma"
"ihtiram","hürmet etme, saygı gösterme"
"inhisar","tekelleşme, bir iş veya malın bir kişinin idare ve tekeline bırakılması"
"intizam","disiplin, düzenlilik"
"kalil","az"
"mevt","ölüm"
"meziyet","üstün özellik"
"ra’d","gök gürültüsü"
"ref etmek","ortadan kaldırmak"
"ribâ","faiz"
"sâika","yıldırım"
"sayha","ses, nida, haykırış"
"sebeb-i tevazu","tevazu sebebi, alçakgönüllülük sebebi"
"sed (detme)","engel olma, tıkama, kapama"
"seda","ses"
"sefalet","perişanlık, yoksulluk"
"sıla-i rahim","akrabalık bağı, yakınlarla bağ kurma"
"şahit","delil, tanık"
"tabaka-ı avam","halk tabakası"
"tabaka-i süflâ","alt tabaka; fakir ve sosyal statüsü düşük tabaka"
"tabakat-ı beşer","insan tabakaları, insan sınıfları"
"tabaka-yı havas","seçkinler tabakası, aydınlar sınıfı"
"tabaka-yı ulyâ","yüksek tabaka; zengin, aydın ve sosyal statüsü yüksek tabaka; zenginler, yöneticiler ve saire"
"tahabbüb","sevgi besleme, sevgi duyma"
"tahakküm","baskı, zorbalık"
"tahkir","aşağılama, hakaret etme, küçümseme"
"taife-i ağniya","zenginler sınıfı, topluluğu"
"taife-i fukara","fakirler sınıfı, yoksullar grubu"
"taltif","iyilik ve lütufta bulunmak"
"tekebbür","kibirlenme, büyüklenme"
"temellük","mülk edinme, mülke sahip olma"
"terahhüm","şefkat ve merhamet gösterme"
"terakkiyat","yükselmeler, ilerlemeler, gelişmeler"
"tevzi edilmek","dağıtılmak"
"velvele","gürültü, patırtı, şamata"
"vesail","vesileler; vasıta ve araçlar"
"zekât","İslâmiyete göre zengin olan bir yükümlünün, her yıl belirli mallardan belirli bir miktarını belirli kimselere (fakirlere ve saireye) vermesi"
"adalet-i Kur’âniye","Kur’ân’ın adaleti"
"âlem","dünya"
"âli","yüce, yüksek"
"çare-i yegâne","tek çare"
"düstur","kâide, kural"
"elhasıl","kısaca, özetle"
"erkân-ı İslâmiyet","İslâmiyetin rükünleri, esasları, şartları"
"heyet-i içtimaiye","toplumsal heyet, toplumu oluşturan bireyler"
"ilâ âhir","sonuna kadar"
"ilga","kaldırma, hükümsüz bırakma"
"ittihaz","edinme, kabul etme"
"kebîre","büyük günah; şeriatın özellikle sakındırdığı ve karşılığında ceza koyduğu herşey; adam öldürme ve faiz alıp vermek gibi"
"ribâ","faiz"
"rumuzu tavazzuh etme","alâmetlerin belirmesi, işaret ettiği şeylerin açıkça ortaya çıkması"
"tabakat","tabakalar, dereceler"
"tabakatın musalâhası","toplumsal sınıfların barışı, barış içinde olması"
"tedvir","çekip çevirme, idare etme"
"vâsi","geniş"
"vesâil","vesileler, sebepler"
"zekât","İslâmiyete göre zengin olan bir yükümlünün, her yıl belirli mallardan belirli bir miktarını belirli kimselere (fakirlere ve saireye) vermesi"
"âhir","son"
"âlâm","elemler, acılar"
"âlem-i misâl","bütün varlıkların ve olayların görüntülerinin yansıdığı madde ötesi âlem"
"âyine","ayna"
"eltaf","çok lâtif, ince, nurânî"
"ene","ben, benlik"
"esir","kâinatı kapladığına inanılan ince ve lâtif madde"
"eşeff","çok parlak, çok şeffaf, saydam"
"fihriste","içindekiler"
"hasenat","sevaplar, güzellikler, iyilikler"
"hâsiyet","özellik, nitelik; bir türe veya ferde ait sıfat, özellik; meselâ, insanlarda gülme, kambur olma, saçı ağarmış olma gibi"
"haşiye","dipnot, açıklayıcı not"
"hayy-ı nâtık","konuşan canlı"
"hüviyet","zihin dışında gerçekliği (hakikati) bulunan bir kavramı, temel nitelikleriyle ortaya koyup diğerlerinden ayırma; meselâ “Ahmet Boğaziçi Üniversitesinde öğrencidir” cümlesinde “Boğaziçi” kelimesi Ahmet’i diğer üniversite öğrencilerinden ayırarak onun hüviyetini gösterir"
"ilâ âhir","sonuna kadar"
"in’ikâs","yansıma"
"inhilâl","çözülme, dağılma"
"istinsah","yazarak çoğaltma, nüsha çıkarma, kopya etme (Allah’ın sonsuz kudretiyle varlıkları tekrar tekrar yaratması)"
"kalem-i kudret","Allah’ın kudret kalemi"
"kıyamet","varlığın bozulup dağılması; varlık âleminde her tür ve fertte meydana gelen değişimler, yıkılıp yok olmalar"
"kudret","güç, iktidar"
"lezzat","lezzetler, tatlar"
"libas","elbise"
"mahiyet (mant.)","tümel (küllî) bir kavramın yalnız zihindeki fertlerinin dikkate alınması durumu, birşeyin tasavvuru, “ne olduğu”; öğrenci kavramı gibi…"
"âhir","son"
"âlâm","elemler, acılar"
"âlem-i misâl","bütün varlıkların ve olayların görüntülerinin yansıdığı madde ötesi âlem"
"âyine","ayna"
"eltaf","çok lâtif, ince, nurânî"
"ene","ben, benlik"
"esir","kâinatı kapladığına inanılan ince ve lâtif madde"
"eşeff","çok parlak, çok şeffaf, saydam"
"fihriste","içindekiler"
"hasenat","sevaplar, güzellikler, iyilikler"
"hâsiyet","özellik, nitelik; bir türe veya ferde ait sıfat, özellik; meselâ, insanlarda gülme, kambur olma, saçı ağarmış olma gibi"
"haşiye","dipnot, açıklayıcı not"
"hayy-ı nâtık","konuşan canlı"
"hüviyet","zihin dışında gerçekliği (hakikati) bulunan bir kavramı, temel nitelikleriyle ortaya koyup diğerlerinden ayırma; meselâ “Ahmet Boğaziçi Üniversitesinde öğrencidir” cümlesinde “Boğaziçi” kelimesi Ahmet’i diğer üniversite öğrencilerinden ayırarak onun hüviyetini gösterir"
"ilâ âhir","sonuna kadar"
"in’ikâs","yansıma"
"inhilâl","çözülme, dağılma"
"istinsah","yazarak çoğaltma, nüsha çıkarma, kopya etme (Allah’ın sonsuz kudretiyle varlıkları tekrar tekrar yaratması)"
"kalem-i kudret","Allah’ın kudret kalemi"
"kıyamet","varlığın bozulup dağılması; varlık âleminde her tür ve fertte meydana gelen değişimler, yıkılıp yok olmalar"
"kudret","güç, iktidar"
"lezzat","lezzetler, tatlar"
"libas","elbise"
"mahiyet (mant.)","tümel (küllî) bir kavramın yalnız zihindeki fertlerinin dikkate alınması durumu, birşeyin tasavvuru, “ne olduğu”; öğrenci kavramı gibi…"
"menzil","yer, mekân"
"menzilhane","hane, yer"
"merhale","derece, kademe, aşama"
"mevt","ölüm"
"meyyit","ölü"
"muhaceret-i umumî","genel göç"
"müselsel","silsile halinde, zincirleme"
"müstensih","bir nüshayı yazıp çoğaltan"
"mütemessil","yansıyan, akseden görüntü"
"müteselsil","silsile halinde, zincirleme"
"seyyiat","günahlar, kötülükler"
"şahsî","kişisel"
"şiddet-i tehalüf","büyük farklılık, aşırı değişiklik"
"telhis","birşeyi süzüp özünü alma, özetleme"
"tesir","etki"
"tezahür etmek","ortaya çıkmak, görünmek"
"Tuluât","muhtelif sorulara cevap olarak kalbe doğan fikirler anlamında Üstad Bediüzzaman’ın Eski Said dönemine ait bir eseri"
"zerrat","zerreler; hücreler, atomlar"
"menzil","yer, mekân"
"menzilhane","hane, yer"
"merhale","derece, kademe, aşama"
"mevt","ölüm"
"meyyit","ölü"
"muhaceret-i umumî","genel göç"
"müselsel","silsile halinde, zincirleme"
"müstensih","bir nüshayı yazıp çoğaltan"
"mütemessil","yansıyan, akseden görüntü"
"müteselsil","silsile halinde, zincirleme"
"seyyiat","günahlar, kötülükler"
"şahsî","kişisel"
"şiddet-i tehalüf","büyük farklılık, aşırı değişiklik"
"telhis","birşeyi süzüp özünü alma, özetleme"
"tesir","etki"
"tezahür etmek","ortaya çıkmak, görünmek"
"Tuluât","muhtelif sorulara cevap olarak kalbe doğan fikirler anlamında Üstad Bediüzzaman’ın Eski Said dönemine ait bir eseri"
"zerrat","zerreler; hücreler, atomlar"
"acip","acayip, şaşırtıcı, tuhaf"
"akis","yansıma"
"âlem-i turab","toprak âlemi"
"bîçare","çaresiz"
"esasat","kökler, başlangıçlar"
"eyne’s-serâ mine’s-Süreyya","“yer nerede, Ülker takım yıldızı nerede?” (iki şeyin birbirinden çok farklı ve birbirine zıt ve uzak olduğunu ifade etmek için söylenen bir deyim)"
"fikrî","düşünceye ait, düşünceyle ilgili"
"gayr","diğeri, başkası"
"hakikat","asıl, esas, gerçek"
"hâşâ","kesinlikle öyle değil"
"irca","döndürme, yönlendirme"
"istinsah etme","yazarak çoğaltma"
"izah etme","açıklama"
"kâinat","evren, bütün yaratılmışlar"
"kalem-i sun-u İlâhî","Cenâb-ı Hakkın san'at kalemi"
"kelimat","kelimeler, sözler"
"kesif","katı, yoğun, saydam olmayan"
"keşfî","gaybî hususları, bilinmeyen hakikatleri keşfetmekle bilmek"
"kudret","Cenâb-ı Hakkın sonsuz güç ve iktidarı"
"lisân","dil"
"matbaa","tab edilen, basılan yer, basımevi, bir eserin basılıp çıktığı yer"
"mesele-i zevkiye","zevk ile (tadılıp yaşamakla) bilinen mesele"
"misleyn","birbirine benzeyen iki şey, birbirinin aynısı olan iki şey"
"mizan","ölçü, terazi"
"müzehher","çiçek açmış, çiçeklerle bezenmiş"
"nazar","bakma, görüş, fikir"
"nazar-ı fikir","fikrin gözü, düşünce bakışı"
"nuranî","nurlu, aydınlık, parlak"
"rüyet","görme, görüş"
"sırr-ı tenasül","çoğalmanın, üremenin sırrı, esprisi"
"sofiye","sofilik (sofi yolunun vahdetü’l-vücudu)"
"tasarruf etmek","dilediği gibi kullanmak"
"tazammun etmek","içermek, içine almak"
"telâkki etme","anlama, kabul etme"
"tenevvü etme","çeşitli olma, çeşitlenme"
"vahdetü’l-mevcud","“Yaratıcı, kâinatı oluşturan varlıkların toplamıdır. Allah da kâinat da birdir. Tek olan ilâh kâinatın bütünüdür” şeklinde kâinat hesabına Allah’ı inkâr eden materyalist felsefî düşünce sistemi"
"vahdetü’l-vücud","“Allah’ın varlığı o kadar mükemmeldir ki, diğer varlıklar Ona göre bir gölge gibidir ve ‘varlık’ adını almaya lâyık değiller” tarzında tasavvufî bir görüş"
"vahdet-ü’ş-şuhud","“Allah’tan başka birşeyin görülmemesi ve Allah’tan başka herşeyin unutkanlık perdesiyle örtülmesi” şeklinde tasavvufî bir görüş"
"zaifü’l-itikad","zayıf inançlı"
"zevkî","İlâhî tecelli ve hakikatlerin idrakiyle alınan mânevî haz ve zevk ile ilgili"
"zıddeyn","birbirine aksi olan iki şey, iki zıt şey"
"ekser","çoğunluk"
"elem","acı, keder"
"haşiye","dipnot, açıklayıcı not"
"hevesî","arzu ve isteklerle ilgili"
"ihrak etme","yakma"
"ihtiyar","tercih, seçim serbestliği"
"israf","savurganlık, ihtiyaç fazlası tüketim"
"lezzetperest","maddî mânevî zevk ve lezzet peşinde koşan, zevk ve lezzete düşkün"
"lisân","dil"
"mugaddîlik","gıdalı olma, besleyicilik"
"muhbir","haberci, haber veren"
"muzmer","gizli, saklı"
"müstetir","gizli, örtülü"
"nazar-ı dikkat","dikkatli bakış, bakma"
"nefisperest","nefsini aşırı seven, nefsin arzu ve isteklerine düşkün"
"sefih","akılsız, beyinsiz, ahmak, malını israf edip savuran"
"tahattur","hatırlama"
"taltif","ödüllendirmek, iyilik ve lütufta bulunmak"
"tâzip etmek","azap vermek"
"telâffuz etme","söyleme, ifade etme"
"telezzüz","lezzet alma; lüks hayat sürerek zevk içinde yaşama"
"tereffüh","lüks hayata düşkünlük; bol bol tüketerek refah bir hayat yaşama"
"zaika","tad alma duygusu, dil"
"zemherir","şiddetli ve yakıcı soğuk"
"ekser","çoğunluk"
"elem","acı, keder"
"haşiye","dipnot, açıklayıcı not"
"hevesî","arzu ve isteklerle ilgili"
"ihrak etme","yakma"
"ihtiyar","tercih, seçim serbestliği"
"israf","savurganlık, ihtiyaç fazlası tüketim"
"lezzetperest","maddî mânevî zevk ve lezzet peşinde koşan, zevk ve lezzete düşkün"
"lisân","dil"
"mugaddîlik","gıdalı olma, besleyicilik"
"muhbir","haberci, haber veren"
"muzmer","gizli, saklı"
"müstetir","gizli, örtülü"
"nazar-ı dikkat","dikkatli bakış, bakma"
"nefisperest","nefsini aşırı seven, nefsin arzu ve isteklerine düşkün"
"sefih","akılsız, beyinsiz, ahmak, malını israf edip savuran"
"tahattur","hatırlama"
"taltif","ödüllendirmek, iyilik ve lütufta bulunmak"
"tâzip etmek","azap vermek"
"telâffuz etme","söyleme, ifade etme"
"telezzüz","lezzet alma; lüks hayat sürerek zevk içinde yaşama"
"tereffüh","lüks hayata düşkünlük; bol bol tüketerek refah bir hayat yaşama"
"zaika","tad alma duygusu, dil"
"zemherir","şiddetli ve yakıcı soğuk"
"âlâm-ı mâziye","geçmiş zamanın elemleri, acıları"
"bakire","evlenmemiş kadın"
"bekâr","evlenmemiş erkek"
"bîkâr","işsiz, kazançsız"
"bir sülüs","üçte bir"
"cemiyet","toplum, dernek"
"cihad","Allah için kutsal şeyleri koruma gayret ve mücadelesi"
"divan","şiir ya da manzume kitabı; klasik şairlerin şiirlerinin toplandığı kitap"
"elem","acı, keder"
"elem-i fikrî","düşünceye ait acı, düşünceyle ilgili acı, keder"
"elhamdü lillâh","Allah’a hamd olsun"
"evliyaullah","Allah'ın velî kulları, Allah dostları, Allah'ın salih kulları"
"harb","savaş"
"hasm","düşman"
"heder saymak","boş saymak, boşu boşuna gitmiş saymak"
"hüküm","yargı, karar"
"iki sülüs","üçte iki"
"istihfaf","hafife alma, küçük görme"
"izdivaç","evlenme, evlilik"
"lezaiz-i mâziye","geçmişteki lezzetler"
"lezzet-i ruhaniye","ruha ait lezzet, mânevî yönden alınan haz"
"meş’um","kötümser, kötü, çirkin"
"muhalefet","karşıt düşünce, farklı görüş"
"muvakkat","gelip geçici"
"şehadet","şehitlik, Allah rızası yolunda hayatını feda etmek"
"şüheda","şehitler, Allah yolunda ölenler"
"tasavvur-u zeval","birşeyin bittiğini, sona erdiğini düşünme"
"tasavvur-u zeval","yok olup gittiğini düşünme"
"tasavvur-u zeval-i lezzet","lezzetin sona ereceğini düşünme"
"tasfiye","arındırma, temizleme"
"tebessüm etme","gülümseme"
"tehzip","terbiye etme"
"tenkit etme","eleştirme"
"velî","Allah’ın sevgili kulu, Allah dostu"
"zeval-i elem","acı ve kederin sona ermesi"
"zeval-i lezzet","lezzetin sona ermesi"
"âlâm-ı mâziye","geçmiş zamanın elemleri, acıları"
"bakire","evlenmemiş kadın"
"bekâr","evlenmemiş erkek"
"bîkâr","işsiz, kazançsız"
"bir sülüs","üçte bir"
"cemiyet","toplum, dernek"
"cihad","Allah için kutsal şeyleri koruma gayret ve mücadelesi"
"divan","şiir ya da manzume kitabı; klasik şairlerin şiirlerinin toplandığı kitap"
"elem","acı, keder"
"elem-i fikrî","düşünceye ait acı, düşünceyle ilgili acı, keder"
"elhamdü lillâh","Allah’a hamd olsun"
"evliyaullah","Allah'ın velî kulları, Allah dostları, Allah'ın salih kulları"
"harb","savaş"
"hasm","düşman"
"heder saymak","boş saymak, boşu boşuna gitmiş saymak"
"hüküm","yargı, karar"
"iki sülüs","üçte iki"
"istihfaf","hafife alma, küçük görme"
"izdivaç","evlenme, evlilik"
"lezaiz-i mâziye","geçmişteki lezzetler"
"lezzet-i ruhaniye","ruha ait lezzet, mânevî yönden alınan haz"
"meş’um","kötümser, kötü, çirkin"
"muhalefet","karşıt düşünce, farklı görüş"
"muvakkat","gelip geçici"
"şehadet","şehitlik, Allah rızası yolunda hayatını feda etmek"
"şüheda","şehitler, Allah yolunda ölenler"
"tasavvur-u zeval","birşeyin bittiğini, sona erdiğini düşünme"
"tasavvur-u zeval","yok olup gittiğini düşünme"
"tasavvur-u zeval-i lezzet","lezzetin sona ereceğini düşünme"
"tasfiye","arındırma, temizleme"
"tebessüm etme","gülümseme"
"tehzip","terbiye etme"
"tenkit etme","eleştirme"
"velî","Allah’ın sevgili kulu, Allah dostu"
"zeval-i elem","acı ve kederin sona ermesi"
"zeval-i lezzet","lezzetin sona ermesi"
"âlâm","elemler, acılar, kederler"
"âlim-i mürşid","irşad eden, yol gösteren âlim, yol gösterici bilgin"
"âlûfte olma","alışkanlık ve ülfetle duyarsız hâle gelme, namus perdesi yırtık olma"
"aşiret","büyük ölçüde aynı dil ve kültürü paylaşan, birçok boydan (kabile) oluşan, yapısındaki aileler arasında toplum, ekonomi, din, kan veya evlilik bağları bulunan göçebe veya yerleşik nitelikteki topluluk, oymak"
"ba’dehu","ondan sonra"
"bâtıl","doğru olmayan, yalan yanlış"
"bedevî","köylü; çölde, çadırda yaşayan göçebe; medenî olmayan"
"bîçare","çaresiz"
"cerh","yaralama, bozma, çürütme"
"dâhilî","iç"
"dâhiyâne","çok zekice, akıllıca"
"derecat-ı hararet","sıcaklık dereceleri"
"derece-i nimet","nimetin derecesi"
"hakikat","asıl, esas, gerçek"
"hasım","düşman"
"husumet","düşmanlık"
"husumet-i hariciye","dışa ait düşmanlık, yabancıların düşmanlığı"
"idlâl","doğru yoldan çıkarma, saptırma"
"inkılâp etme","dönüşme"
"isti’zam","büyütme"
"kabile","boy; ortak bir atadan geldikleri düşüncesiyle aralarında kan bağı olan, toplumsal ve ekonomik ilişkilerinde babayı veya anayı esas alan geleneksel topluluk"
"kabiliyet-i telkîha","aşılanabilir olma, aşı tutmaya elverişli ve kabiliyetli olma"
"kay","kusmuk"
"misâl","görüntü, yansıma"
"musibet","felâket, büyük sıkıntı"
"münevver","aydın, aydınlanmış"
"mütebayin","birbirinden farklı"
"mütehasım","karşılıklı düşmanlık eden; karşılıklı olarak dâvâ eden"
"müterakîm","birikmiş, yığılmış"
"nimet","iyilik, lütuf, ihsan"
"nisyan","unutkanlık"
"prensip","esas, ilke"
"red","geri döndürme, kabul etmeme"
"saadet","mutluluk"
"sâfi","duru, temiz"
"serfüru bürde-i itaat ve ihtiram","itaat ve saygıyla boyun eğme"
"sevk-i tabiî","tabii sevk, yaratılış ve fıtrattan gelen sevk, yöneliş"
"şâyân-ı istiğrab","şaşkınlık sebebi, hayret verici, şaşırtıcı"
"tasvir","canlandırarak anlatma"
"telâkki","kabul etmek"
"telkinat-ı musırrane","ısrarla fikirlerini kabul ettirmeye çalışma"
"teşdit etme","şiddetlendirme, güçlendirme"
"vahşet-i cehalet","cahillik vahşeti, ürkütücülüğü"
"vahşi","yabanî, medenî olmayan"
"zuhur","ortaya çıkma, belirme"
"âlâm","elemler, acılar, kederler"
"âlim-i mürşid","irşad eden, yol gösteren âlim, yol gösterici bilgin"
"âlûfte olma","alışkanlık ve ülfetle duyarsız hâle gelme, namus perdesi yırtık olma"
"aşiret","büyük ölçüde aynı dil ve kültürü paylaşan, birçok boydan (kabile) oluşan, yapısındaki aileler arasında toplum, ekonomi, din, kan veya evlilik bağları bulunan göçebe veya yerleşik nitelikteki topluluk, oymak"
"ba’dehu","ondan sonra"
"bâtıl","doğru olmayan, yalan yanlış"
"bedevî","köylü; çölde, çadırda yaşayan göçebe; medenî olmayan"
"bîçare","çaresiz"
"cerh","yaralama, bozma, çürütme"
"dâhilî","iç"
"dâhiyâne","çok zekice, akıllıca"
"derecat-ı hararet","sıcaklık dereceleri"
"derece-i nimet","nimetin derecesi"
"hakikat","asıl, esas, gerçek"
"hasım","düşman"
"husumet","düşmanlık"
"husumet-i hariciye","dışa ait düşmanlık, yabancıların düşmanlığı"
"idlâl","doğru yoldan çıkarma, saptırma"
"inkılâp etme","dönüşme"
"isti’zam","büyütme"
"kabile","boy; ortak bir atadan geldikleri düşüncesiyle aralarında kan bağı olan, toplumsal ve ekonomik ilişkilerinde babayı veya anayı esas alan geleneksel topluluk"
"kabiliyet-i telkîha","aşılanabilir olma, aşı tutmaya elverişli ve kabiliyetli olma"
"kay","kusmuk"
"misâl","görüntü, yansıma"
"musibet","felâket, büyük sıkıntı"
"münevver","aydın, aydınlanmış"
"mütebayin","birbirinden farklı"
"mütehasım","karşılıklı düşmanlık eden; karşılıklı olarak dâvâ eden"
"müterakîm","birikmiş, yığılmış"
"nimet","iyilik, lütuf, ihsan"
"nisyan","unutkanlık"
"prensip","esas, ilke"
"red","geri döndürme, kabul etmeme"
"saadet","mutluluk"
"sâfi","duru, temiz"
"serfüru bürde-i itaat ve ihtiram","itaat ve saygıyla boyun eğme"
"sevk-i tabiî","tabii sevk, yaratılış ve fıtrattan gelen sevk, yöneliş"
"şâyân-ı istiğrab","şaşkınlık sebebi, hayret verici, şaşırtıcı"
"tasvir","canlandırarak anlatma"
"telâkki","kabul etmek"
"telkinat-ı musırrane","ısrarla fikirlerini kabul ettirmeye çalışma"
"teşdit etme","şiddetlendirme, güçlendirme"
"vahşet-i cehalet","cahillik vahşeti, ürkütücülüğü"
"vahşi","yabanî, medenî olmayan"
"zuhur","ortaya çıkma, belirme"
"cehl-i basit","basit cehalet, karmaşık olmayan cahillik"
"cehl-i mürekkeb","bilmediğini de bilmeme, kara cahillik"
"efkâr-ı hâzıra","şimdiki zamana ait fikirler, düşünceler"
"had","(mant.) bir kavramı, aslının ve özünün sınırlarını çizerek tanımlama; “İnsan, konuşan hayvandır” gibi"
"hakaik-i tarihiye","tarihî gerçekler"
"ihyâ-yı din","dinin diriltilmesi, canlandırılması"
"ihyâ-yı millet","milletin diriltilmesi, canlandırılması"
"irca","döndürme, yönlendirme"
"ism-i camid","katı, donuk isim"
"izah","açıklama"
"kalb etme","dönüştürme"
"kuvve-i mıknatısiye","mıknatısın çekim gücü"
"manyetizma","telkin ve hipnozla bir kimseyi tesir altına alma"
"meçhul","bilinmeyen"
"mümas","temas eden, dokunan, ilişen"
"müsemmâ","isimlendirilmiş, isim sahibi"
"nur-u hayat","hayatın nuru, ışığı"
"resm","(mant.) bir kavramı sıfatları ve nitelikleri itibariyle tanıtma işlemi; “İnsan, gülen bir hayvandır” gibi"
"şeriat","Allah tarafından bildirilen hükümlerin hepsi, İslâmiyet"
"tarif","(mant.) bir kavramın içeriğini belirleme, sınırlama ve tanımlama işlemi"
"tedennî","alçalma, gerileme, geri kalma"
"telepati","birinin düşündüklerini veya uzakta geçen bir olayı, hiç bir bağlantı olmadan algılama"
"temessük","sarılma, tutunma"
"terakki","ilerleme, yükselme"
"tesahül","kolay görerek ihmal etme, gevşeklik gösterme"
"ümmet","İslâm cemaati, Müslümanların tümü"
"vâzı","bir tarif, sistem vs. koyan, yerleştiren"
"vech","yön, taraf"
"vechi muzlim","karanlık taraf, yön"
"zulmet-i münevvere","aydınlıkmış gibi gösterilen karanlık, sözde aydınlık"