kelime,frekans
hakikat,578
ehl,429
alem,259
risale,232
suret,228
hayat,228
ve,221
hak,202
islam,194
cihet,182
hikmet,178
imaniye,177
nazar,177
saadet,176
kat,172
rahmet,168
şakirt,168
beyan,166
ziyade,166
kuran,160
hakim,155
şehadet,154
said,154
kuraniye,153
hadsiz,149
hükumet,145
neşr,144
islamiye,143
hakiki,137
medar,133
kainat,131
hakaik,129
cemiyet,129
iman,128
ilahi,125
yı,124
ihlas,122
umum,120
aziz,116
ilahiye,113
cereyan,112
zemin,111
istanbul,110
nur,109
ahiret,108
hizmet,105
ebedi,105
kemal,104
mutlak,104
cenab,104
inayet,102
kudsi,101
molla,99
ısparta,98
üstad,98
umumi,97
tefsir,96
dalalet,95
hürriyet,95
mübarek,94
kudret,94
vücud,93
nefs,91
muhafaza,91
mazhar,89
biçare,88
asayiş,88
tasdik,86
beşer,85
arz,84
beraat,84
hususan,84
hal,83
nam,83
muhalif,82
şeriat,82
nev,82
hazret,80
müdafaa,79
lisan,79
inşaallah,78
düstur,77
manevi,77
maneviye,76
telif,76
dünya,75
ankara,73
ali,73
hüsn,72
sıddık,71
halık,71
nevi,69
içtimaiye,69
denizli,68
istikbal,68
binaen,68
gayet,68
müdafaat,66
hüccet,66
fani,66
ulema,65
men,64
fazilet,64
musibet,63
alakadar,63
medrese,63
terakki,63
külli,63
evham,62
muhabbet,62
emirdağ,62
mucize,62
vaziyet,62
ihtar,61
ittifak,60
cüz,60
masum,59
fevkalade,59
kıymettar,59
mukabil,59
vilayet,58
kemalat,57
azam,57
delalet,56
zihayat,56
mecmua,55
mahiyet,55
muazzam,55
emare,54
ittiham,53
nihayetsiz,53
baki,53
ittihad,53
şark,53
inkişaf,53
barla,52
mahrem,52
tetkik,52
ebediye,52
vahdet,52
avrupa,52
teveccüh,51
menfaat,51
sair,51
uhrevi,51
küfr,50
harb,50
ihsan,50
nuriye,50
bilhassa,50
rububiyet,49
caz,49
temin,49
heyet,49
şefkat,48
istifade,48
burhan,48
talebe,48
vazife,48
zahir,47
sadık,47
diniye,47
intişar,47
mezkur,47
dünyeviye,47
ilmiye,47
muhterem,47
meşrutiyet,47
halis,46
acip,46
uhuvvet,46
muvaffak,45
mahkum,45
ekser,45
şer,45
feylesof,45
selamet,45
afyon,45
mukabele,45
sırr,45
kudsiye,45
anadolu,44
rahim,44
adalet,44
istibdad,44
kader,44
vesselam,44
tarikat,44
sevk,43
kübra,43
kanaat,43
zan,43
tahammül,43
istinad,43
meb,43
intizam,43
tahakküm,42
enaniyet,42
aleyhissalatü,42
menfi,42
taife,42
ecnebi,42
dava,42
ihanet,42
van,42
kadir,42
mes,42
muamele,41
nokta,41
cilve,41
şeyh,41
asr,41
izhar,41
emniyet,41
zuhur,41
şahs,41
münasebet,41
azim,41
iye,41
muarız,41
hamiyet,40
kuvve,40
muntazam,40
pakistan,40
fevkinde,40
esaret,40
zülcelal,39
idam,39
tahakkuk,39
mukaddes,39
takdir,39
keramet,39
millet,39
mahkemesi,39
tecelli,39
nümune,39
mütalaa,39
irşad,39
ulum,38
ihtiyar,38
gayr,38
mağlup,38
hususi,38
kanun,38
amme,38
teşkil,38
zerre,37
hürmet,37
azamet,37
ecza,37
reis,37
müellif,36
hiddet,36
muhtelif,36
komite,36
istimal,36
rıza,36
efrad,36
marifet,36
mevcudat,35
galebe,35
iddianame,35
dahi,35
taharri,35
cihan,35
misal,35
paşa,35
hukuk,35
mu,35
hakimiyet,35
tevhid,35
fütuhat,35
din,35
rabbaniye,35
iftihar,35
asır,35
ulvi,35
ehemmiyet,35
haysiyet,34
ihlal,34
saniyen,34
gaflet,34
izzet,34
şeref,34
mani,34
manen,34
nurani,34
istibdat,34
münafık,34
telakki,34
müracaat,34
tarassut,33
efkar,33
nüsha,33
icad,33
neşriyat,33
ziya,33
komünist,33
celb,33
kalb,33
amel,32
tahribat,32
zat,32
istila,32
hissiyat,32
maslahat,32
mahkeme,32
tefekkür,32
zarfında,32
taarruz,32
tevehhüm,32
cihad,32
küre,32
iyen,32
nihayet,31
tatbik,31
hülasa,31
nimet,31
muhakeme,31
eskişehir,31
nefy,31
mertebe,31
muannid,31
müteaddit,31
itaat,31
şekva,31
müşahede,31
feyz,30
eski,30
şükür,30
sena,30
hadis,30
sükut,30
zındıka,30
tenvir,30
tab,30
enbiya,30
vukuf,30
metanet,30
aciz,30
malum,30
insaniyet,30
temyiz,30
imam,30
kastamonu,30
umumiye,30
saltanat,29
menba,29
fıtrat,29
makam,29
siyaset,29
erkan,29
demokrat,29
kelam,29
hizmetkar,29
cizat,29
nefer,29
esas,29
us,29
dahiliye,29
tezahür,29
iştiyak,29
muvafık,29
cami,29
izah,29
muhal,29
ilham,29
kafi,29
kabil,29
inkılap,29
esbab,29
cemaat,28
ferman,28
ihata,28
zabit,28
medeniyet,28
müştak,28
sani,28
ekber,28
diyanet,28
tenezzül,28
keşf,28
tecrid,28
entrika,28
ayat,28
has,28
at,28
adi,28
sadakat,28
tashih,28
cumhuriye,28
tahkiki,28
mütemadiyen,28
velayet,28
ihbar,28
elem,28
mana,28
avam,28
zulmet,28
ilm,27
maruz,27
icma,27
himaye,27
nefis,27
imha,27
acz,27
ahir,27
amin,27
ezeli,27
envar,27
bedbaht,27
gayb,27
zındık,27
gaybiye,27
iğfal,27
mücahid,27
gurbet,26
halet,26
meziyet,26
beka,26
zaruret,26
su,26
seciye,26
şerif,26
münevver,26
makamat,26
fıkra,26
mesail,26
ahmediye,26
elim,26
vücub,26
rab,26
emsalsiz,26
beşeriye,26
misl,26
hilaf,26
hayvanat,26
sefahet,26
hariç,26
zulüm,26
lem,26
tevafuk,26
rabbani,25
muhit,25
dikkat,25
tecavüz,25
beşeriyet,25
mükellef,25
fena,25
müstesna,25
makbul,25
tevkif,25
garaz,25
darü,25
zahiri,25
hadise,25
nebatat,25
irfan,25
sebat,25
tahliye,25
semavat,25
farz,25
milliye,25
tazyik,25
resul,24
hilkat,24
ahlak,24
zabıta,24
ifa,24
şerait,24
mustafa,24
tebdil,24
ahali,24
muhammedi,24
tabir,24
mazlum,24
mücahede,24
mazi,24
şimendifer,24
niyaz,24
mizan,24
bilakis,24
ikamet,24
sürur,24
şe,24
müsadere,24
hazin,24
malik,24
muvakkat,23
tesanüd,23
sual,23
esma,23
nas,23
sıfat,23
anarşi,23
vukuat,23
hıfz,23
insaniye,23
siyasiye,23
ahval,23
